user_id,email,password
1,ctampubolon@example.com,nif6)(PcE!
2,rudi28@example.net,)PFYl1&f6S
3,yance03@example.com,n$6EZfKo&q
4,ratnaardianto@example.org,@G7D4MyaNH
5,danusuartini@example.net,#XQplHlxs2
6,butama@example.org,bNl#2QFcip
7,widiastuticahyanto@example.net,wtsk@Yb)+1
8,pratiwiendra@example.com,@FnWEGja7b
9,lantartarihoran@example.net,zZA&^8Vg5#
10,blazuardi@example.org,t8210THu_f
11,wardi30@example.org,mDA^@uN0%2
12,hartana23@example.com,+fOkqIkT74
13,baktianto64@example.net,iuR))8DkW$
14,gpradipta@example.org,a+3VoHvj^i
15,raihan66@example.com,k!3Vu+Pr$)
16,latuponoprasetyo@example.com,R2sa^unQ(3
17,jelita58@example.com,Qj&9Js94sT
18,jhutasoit@example.org,ozHYx2cz)2
19,zaenabwidiastuti@example.org,V6G9%DUo&v
20,hasna91@example.net,EgFm^4IjwQ
21,manahnasyiah@example.org,gk6snHpYh+
22,yononainggolan@example.org,@Wh7Z8VhPD
23,olivawulandari@example.org,99zLqmVS!F
24,wahyudinlatif@example.com,@N%7a9Fq*3
25,prakasakarja@example.org,D0@7Qjj0M%
26,qtarihoran@example.net,Fb(6$YRxN+
27,alambana56@example.com,T!VY0KwY_c
28,ramadansaadat@example.net,#IhWAuuF2l
29,jamil92@example.com,h0*MTWW^%r
30,banawa88@example.org,(UnV7NuTe3
31,cinthia27@example.org,D4Hdn_L$%9
32,yahyaprasetya@example.com,g3vJY#xx^e
33,lhariyah@example.com,G_8Z4Bw#Sf
34,lsimbolon@example.org,2&23%BMhtD
35,habibiyuliana@example.org,CyUM69Gaj)
36,nprayoga@example.net,@5HPz6l_Xe
37,wartapudjiastuti@example.net,_8hBN4qe&2
38,limansuartini@example.net,cx9^XMVbL@
39,melaniclara@example.com,$AdE4Y2vCt
40,kmardhiyah@example.org,m&PQO7Un!4
41,nainggolanjaswadi@example.net,ogU)QV!c*3
42,santosorahmi@example.com,_QZ(AdD97Q
43,uyainahrestu@example.org,)sKNp1IqKs
44,ajiminwijayanti@example.net,*$aZ9SeM+S
45,bakiadihidayanto@example.net,L)a&OCUk)2
46,tinasitompul@example.net,pUe4OgVV^2
47,waluyocaket@example.com,#*3bNoy8ch
48,vanesayuliarti@example.net,qqY)5UoaZl
49,estionowasita@example.org,&5YPw3reKI
50,gilang72@example.net,CJ8GAfWB@4
51,kunthara26@example.org,(7T0!lHyqA
52,dusada@example.com,J#Q0fWHfFr
53,budiyantocapa@example.com,B!7LHqaY*^
54,endahpangestu@example.com,%ImeFvL%j6
55,mumpunisimanjuntak@example.com,i3&0GxJB%Z
56,putratina@example.org,n9o^_6Zt8m
57,jati29@example.net,_vEzKsWj43
58,marpaungdigdaya@example.net,N$9HEEKe&a
59,halimlalita@example.net,2#A8Z*kR53
60,pangestu81@example.org,+!%3WQ5Lla
61,gamaninamaga@example.net,W9IZdhKt#x
62,uyainahheryanto@example.org,^l8l5H0wg#
63,usadapadmi@example.org,KUP46Nb$L&
64,carub74@example.org,@5p!FBu12n
65,ilsa44@example.com,z2YS8TaL+6
66,danuuyainah@example.com,9FA_Y9yG(5
67,hani26@example.net,1&6BWtCg+W
68,jinawiputra@example.org,jO4SKbKt+*
69,candrapratama@example.net,Y_W8MVWy!e
70,siregarilsa@example.net,%#8ClLB$2#
71,rahmiprayoga@example.net,H6t1uXtp#)
72,ghidayanto@example.org,$+ZGbTmG#7
73,lsihotang@example.com,%oPI@0Lw(8
74,yosefmanullang@example.org,@T84WxHBR1
75,prastutimustofa@example.net,&j(4PhZ9VB
76,gaimanriyanti@example.org,_U7ZZ6&wbE
77,pujihalim@example.org,x99QNzQbu&
78,smaheswara@example.org,&85T+0oGbm
79,artawansaragih@example.net,!tnMVs*Z6V
80,dipasuartini@example.net,(RHYj8p^k5
81,mzulkarnain@example.com,#8PVt4fs+9
82,gpradipta@example.com,2)IZHKlB(X
83,anggrainirendy@example.net,o981yNMQ*2
84,saptonozalindra@example.net,w8Sqmp%7#9
85,andrianiira@example.com,K$Y2yQVs#N
86,mustofa39@example.org,@O&CZMbqR6
87,dian46@example.org,6XF7jD2m^3
88,etamba@example.net,^@7K@4ahTd
89,prakasagalih@example.org,*&09DjUhO(
90,ihutapea@example.net,tTRaN&Nf+6
91,carlafirgantoro@example.net,((fL5scq&9
92,januarsalwa@example.org,@r)JcsAnC1
93,khastuti@example.org,sq9Gi+dU#z
94,ezulaika@example.org,s7E@riH6@)
95,fnajmudin@example.org,U9iyZZRc@2
96,zsitompul@example.com,aq@zG5Mtvv
97,rnarpati@example.net,$S7S!e#_7*
98,rmarbun@example.org,Wu8XVH(u#F
99,mmaryati@example.com,&Ux0JKuCRm
100,saefullahpaiman@example.net,i2C(sT)7*e
101,almirawibowo@example.net,_uGAa0NOc7
102,makuta82@example.org,!9jmsMxqMk
103,poktaviani@example.org,YH!O5Tb8$D
104,banara76@example.org,O&dF9HXgV8
105,eluh21@example.org,+&3@Z8Nz1M
106,pnamaga@example.org,*xwSLPc@3z
107,ihutagalung@example.com,^k_70AAlK&
108,simanjuntakgaduh@example.org,LAkN4APxc_
109,yuniarshakila@example.net,6d3dP2BS6+
110,jailanimaria@example.org,%mE4eupxk9
111,wardaya27@example.org,RUtJUf7ye+
112,kaniayulianti@example.org,c6H&s5mK$t
113,tomi49@example.org,$6Vp75)50y
114,namagawarji@example.com,(0nMxAcw9p
115,wahyunititin@example.net,%3LPoZoDRu
116,pradiptalala@example.net,yvBUjSKG$5
117,wardayaagustina@example.net,)x6CX8Le%0
118,bakiadimanullang@example.com,+GX1rm0nj1
119,tiarapuspita@example.com,!o2QHmiu43
120,hilda77@example.com,@)(2I1AVc3
121,lramadan@example.net,HGTKaNw3#8
122,taufikwahyuni@example.com,2w)Xn7Iy+2
123,radityanasyidah@example.com,QT+0__dk+^
124,oputra@example.org,I!arZqay$5
125,rusmanhardiansyah@example.org,G38WuupNJ)
126,ckurniawan@example.com,*C5Frowftc
127,suartinikemal@example.org,6dI4sFJsS#
128,perkasadabukke@example.com,%3ZlO#519w
129,tsihotang@example.com,_FhGOICi40
130,mardhiyahkarimah@example.com,%V)aLj)hq2
131,balamantri07@example.net,%hYlqTTEs8
132,rudiprayoga@example.com,#_58hPjfu(
133,vpurwanti@example.net,99E7^1zv@f
134,rmegantara@example.com,jBz)2T9zr_
135,nhasanah@example.net,m#3G)*A8cw
136,hastutikunthara@example.net,8lZtT#h1(B
137,olivaiswahyudi@example.org,$)2RJc1zJo
138,michellenamaga@example.com,@SOy5KZiTv
139,prasetyasaragih@example.org,*$AA9VCzH4
140,npurnawati@example.net,d*I$G2&I!0
141,rizkinuraini@example.com,z!l%4RVi#3
142,hasan78@example.net,i%2FX@eyD3
143,silviawinarsih@example.net,!7lBuDu7#q
144,sitoruselvina@example.org,VYU1DvIPV%
145,ibrahimardianto@example.org,(e0cElL!Eb
146,lantarpudjiastuti@example.org,okMVVRCn(7
147,tnajmudin@example.com,a1D#M#bb+j
148,nugrohoatmaja@example.com,%GERC5chJ&
149,hutapeaifa@example.net,9@#73TLrDv
150,jayadi77@example.com,%j99XMGh$7
